,Values,predictions
143,49,17.274329365079367
13,36,27.29982619047618
135,2,14.776480158730157
105,19,16.849216865079374
81,74,43.30894345238092
125,78,20.466855357142858
114,5,15.187976984126985
56,35,30.961090873015873
150,16,21.477392063492044
120,58,13.689831944444423
